id,name
1,Dustin Smith
2,Jay Ramirez
3,Joseph Cooke
4,Melinda Young
5,Sean Parker
6,Ian Foster
7,Christopher Schmitt
8,Patrick Gutierrez
9,Dennis Douglas
10,Brenda Morris
11,Jeffery Hernandez
12,David Rice
13,Charles Foster
14,Keith Perez DVM
15,Dean Cuevas
16,Melissa Bishop
17,Alexander Howell
18,Austin Robertson
19,Sherri Mcdaniel
20,Nancy Nguyen
21,Melody Ball
22,Christopher Stokes
23,Joseph Hamilton
24,Kevin Fischer
25,Crystal Berg
26,Barbara Larson
27,Jacqueline Heath
28,Eric Gardner
29,Daniel Kennedy
30,Kaylee Sims
31,Shannon Green
32,Stacy Collins
33,Donna Ortiz
34,Jennifer Simmons
35,Michael Gill
36,Alyssa Shaw
37,Destiny Clark
38,Thomas Lara
39,Mark Diaz
40,Stacy Bryant
41,Howard Rose
42,Brian Schwartz
43,Kimberly Potter
44,Cassidy Ryan
45,Benjamin Mcbride
46,Elizabeth Ward
47,Christina Price
48,Pamela Cox
49,Jessica Peterson
50,Michael Nelson